date,category,count,processed,errors
2026-04-25,Automated,130,122,8
2026-04-25,API,50,47,3
2026-04-25,Manual,66,58,8
2026-04-25,Batch,107,94,13
2026-04-24,Manual,71,70,1
2026-04-24,Batch,135,122,13
2026-04-24,Automated,147,138,9
2026-04-24,Batch,100,93,7
2026-04-24,API,88,73,15
2026-04-23,Batch,110,104,6
2026-04-23,API,149,144,5
2026-04-23,Manual,70,60,10
2026-04-23,Automated,99,91,8
2026-04-22,API,73,62,11
2026-04-22,Batch,111,104,7
2026-04-22,Manual,87,74,13
2026-04-21,Batch,149,143,6
2026-04-21,Automated,149,134,15
2026-04-21,API,110,97,13
2026-04-20,API,102,90,12
2026-04-20,Automated,71,67,4
2026-04-20,Manual,89,89,0
2026-04-19,Manual,80,79,1
2026-04-19,Batch,145,145,0
2026-04-19,Automated,58,47,11
2026-04-18,API,121,113,8
2026-04-18,Automated,146,142,4
2026-04-18,Batch,83,80,3
2026-04-17,API,129,122,7
2026-04-17,Manual,111,97,14
2026-04-17,Automated,149,135,14
2026-04-17,Batch,56,56,0
2026-04-16,Automated,68,63,5
2026-04-16,Manual,56,56,0
2026-04-16,API,113,110,3
2026-04-16,Batch,80,75,5
2026-04-15,Manual,67,60,7
2026-04-15,Batch,95,80,15
2026-04-15,API,126,115,11
2026-04-14,Automated,99,95,4
2026-04-14,API,121,114,7
2026-04-14,Manual,74,61,13
2026-04-14,Batch,69,57,12
2026-04-13,Automated,84,80,4
2026-04-13,Batch,111,100,11
2026-04-13,Manual,82,71,11
2026-04-13,Batch,52,43,9
2026-04-13,API,52,45,7
2026-04-12,Batch,80,79,1
2026-04-12,Automated,115,106,9
2026-04-12,API,81,79,2
2026-04-11,API,53,46,7
2026-04-11,Manual,67,58,9
2026-04-11,Automated,140,129,11
2026-04-11,Batch,62,48,14
2026-04-11,Batch,85,83,2
2026-04-10,API,118,107,11
2026-04-10,Manual,56,50,6
2026-04-10,Automated,120,115,5
2026-04-10,Batch,96,85,11
2026-04-09,Automated,127,124,3
2026-04-09,Manual,84,77,7
2026-04-09,Manual,105,105,0
2026-04-09,Batch,85,73,12
2026-04-09,API,146,140,6
2026-04-08,Batch,71,61,10
2026-04-08,API,98,91,7
2026-04-08,Manual,61,52,9
2026-04-08,Automated,62,50,12
2026-04-07,Automated,123,108,15
2026-04-07,Manual,100,92,8
2026-04-07,Automated,55,50,5
2026-04-07,Batch,119,119,0
2026-04-07,API,71,57,14
2026-04-06,Batch,82,72,10
2026-04-06,Automated,97,93,4
2026-04-06,Manual,62,54,8
2026-04-06,API,121,108,13
2026-04-06,API,86,82,4
2026-04-05,Batch,103,97,6
2026-04-05,Automated,68,56,12
2026-04-05,Manual,75,69,6
2026-04-04,Automated,138,126,12
2026-04-04,Batch,141,137,4
2026-04-04,API,52,43,9
2026-04-03,Automated,58,46,12
2026-04-03,Batch,76,72,4
2026-04-03,Manual,121,119,2
2026-04-03,API,144,136,8
2026-04-02,Manual,141,127,14
2026-04-02,Batch,84,79,5
2026-04-02,Automated,123,117,6
2026-04-01,API,130,122,8
2026-04-01,Batch,89,74,15
2026-04-01,Manual,123,121,2
2026-04-01,Automated,51,48,3
2026-04-01,Manual,114,103,11
2026-03-31,Manual,81,80,1
2026-03-31,Batch,52,50,2
2026-03-31,API,142,129,13
2026-03-31,Automated,107,101,6
2026-03-30,Manual,54,53,1
2026-03-30,Batch,117,113,4
2026-03-30,Automated,120,111,9
2026-03-30,API,115,108,7
2026-03-29,API,123,120,3
2026-03-29,Automated,115,106,9
2026-03-29,Manual,111,110,1
2026-03-28,API,78,68,10
2026-03-28,Batch,99,99,0
2026-03-28,Manual,84,70,14
2026-03-27,Manual,130,129,1
2026-03-27,Batch,109,96,13
2026-03-27,API,101,97,4
